<ImportExportXml xmlns:xsi="http://www.w3.org/2001/XMLSchema-instance">
  <Entities></Entities>
  <Roles></Roles>
  <Workflows></Workflows>
  <FieldSecurityProfiles></FieldSecurityProfiles>
  <Templates />
  <EntityMaps />
  <EntityRelationships />
  <OrganizationSettings />
  <optionsets />
  <CustomControls />
  <EntityDataProviders />
  <CanvasApps>
    <CanvasApp>
      <Name>dev_redactionpoc_652ce</Name>
      <AppVersion>2022-11-28T21:42:59Z</AppVersion>
      <Status>Ready</Status>
      <CreatedByClientVersion>3.22111.19.0</CreatedByClientVersion>
      <MinClientVersion>3.22111.19.0</MinClientVersion>
      <Tags>{"primaryDeviceWidth":"1366","primaryDeviceHeight":"768","supportsPortrait":"true","supportsLandscape":"true","primaryFormFactor":"Tablet","publisherVersion":"3.22111.19","minimumRequiredApiVersion":"2.2.0","hasComponent":"false","hasUnlockedComponent":"false","isUnifiedRootApp":"false","sienaVersion":"20221128T214259Z-3.22111.19.0"}</Tags>
      <IsCdsUpgraded>0</IsCdsUpgraded>
      <GalleryItemId xsi:nil="true"></GalleryItemId>
      <BackgroundColor>RGBA(0,176,240,1)</BackgroundColor>
      <DisplayName>Redaction POC</DisplayName>
      <Description xsi:nil="true"></Description>
      <CommitMessage xsi:nil="true"></CommitMessage>
      <Publisher xsi:nil="true"></Publisher>
      <AuthorizationReferences>[]</AuthorizationReferences>
      <ConnectionReferences>{"158021ba-f2a9-410b-9cb0-a0623d4891d1":{"id":"/providers/microsoft.powerapps/apis/shared_sharepointonline","displayName":"SharePoint","iconUri":"https://connectoricons-prod.azureedge.net/releases/v1.0.1610-greyhound-localization-RelayFix/1.0.1610.3091/sharepointonline/icon.png","dataSources":["Redaction","EmployeeContractsFF"],"dependencies":[],"dependents":["4d11949d-fdc4-44d0-aebf-f0e233b5f801","1ffb2b4c-d7f7-40fb-a2b8-6d46a4c31fde"],"parameterHints":{},"parameterHintsV2":{},"isOnPremiseConnection":false,"bypassConsent":false,"dataSets":{"https://pucelikenterprise.sharepoint.com/teams/Legal":{"dataSources":{"Redaction":{"tableName":"147990d1-29ed-4871-9a25-0af32cfa21a4"}}},"https://pucelikenterprise.sharepoint.com/sites/HumanResources":{"dataSources":{"EmployeeContractsFF":{"tableName":"54b7116a-e573-4030-a2ea-7ba113f83050"}}}},"apiTier":"Standard","actions":["providers/PowerPlatform.Governance/Operations/Read"]},"4d11949d-fdc4-44d0-aebf-f0e233b5f801":{"id":"/providers/microsoft.powerapps/apis/shared_logicflows","displayName":"Logic flows","iconUri":"https://connectoricons-prod.azureedge.net/releases/v1.0.1534/1.0.1534.2605/logicflows/icon.png","dataSources":["Redact"],"dependencies":["158021ba-f2a9-410b-9cb0-a0623d4891d1"],"dependents":[],"parameterHints":{"workflowName":{"value":"3e40d42e-59d4-4e8b-bea3-9c63048dac0c"},"workflowEntityId":{},"158021ba-f2a9-410b-9cb0-a0623d4891d1":{"value":"shared_sharepointonline"}},"parameterHintsV2":{"workflowName":{"value":"3e40d42e-59d4-4e8b-bea3-9c63048dac0c"},"workflowEntityId":{},"shared_sharepointonline":{"value":"158021ba-f2a9-410b-9cb0-a0623d4891d1"}},"isOnPremiseConnection":false,"bypassConsent":false,"dataSets":{},"apiTier":"Standard","actions":["Run"]},"1ffb2b4c-d7f7-40fb-a2b8-6d46a4c31fde":{"id":"/providers/microsoft.powerapps/apis/shared_logicflows","displayName":"Logic flows","iconUri":"https://connectoricons-prod.azureedge.net/releases/v1.0.1534/1.0.1534.2605/logicflows/icon.png","dataSources":["GetFilePDF"],"dependencies":["158021ba-f2a9-410b-9cb0-a0623d4891d1"],"dependents":[],"parameterHints":{"workflowName":{"value":"20da0a28-0dbf-469a-afbb-10fc063b3a16"},"workflowEntityId":{},"158021ba-f2a9-410b-9cb0-a0623d4891d1":{"value":"shared_sharepointonline"}},"parameterHintsV2":{"workflowName":{"value":"20da0a28-0dbf-469a-afbb-10fc063b3a16"},"workflowEntityId":{},"shared_sharepointonline":{"value":"158021ba-f2a9-410b-9cb0-a0623d4891d1"}},"isOnPremiseConnection":false,"bypassConsent":false,"dataSets":{},"apiTier":"Standard","actions":["Run"]}}</ConnectionReferences>
      <DatabaseReferences>{"default.cds":{"databaseDetails":{"referenceType":"Environmental","environmentName":"default.cds","overrideValues":{"status":"NotSpecified"}},"dataSources":{}}}</DatabaseReferences>
      <AppComponents>[]</AppComponents>
      <AppComponentDependencies>[]</AppComponentDependencies>
      <CanConsumeAppPass>1</CanConsumeAppPass>
      <CanvasAppType>0</CanvasAppType>
      <BypassConsent>0</BypassConsent>
      <AdminControlBypassConsent>0</AdminControlBypassConsent>
      <EmbeddedApp xsi:nil="true"></EmbeddedApp>
      <IntroducedVersion>1.0</IntroducedVersion>
      <CdsDependencies>{"cdsdependencies":[]}</CdsDependencies>
      <IsCustomizable>1</IsCustomizable>
      <BackgroundImageUri>/CanvasApps/dev_redactionpoc_652ce_BackgroundImageUri</BackgroundImageUri>
      <DocumentUri>/CanvasApps/dev_redactionpoc_652ce_DocumentUri.msapp</DocumentUri>
    </CanvasApp>
  </CanvasApps>
  <Languages>
    <Language>1033</Language>
  </Languages>
</ImportExportXml>